{
  "meta_title": "",
  "meta_description": "",
  "sections": [
    {
      "type": "info-bar",
      "enabled": true
    },
    {
      "type": "collection-shelf",
      "shuffle": true,
      "collection_id": "5f6e87767430f92180f56b4f:categories:Campeonato Brasileiro:/campeonato-brasileiro",
      "sort": "views",
      "headless": true,
      "limit": 20,
      "page": 2,
      "title": "Mais vendidos"
    },
    {
      "type": "breadcrumbs",
      "enabled": true
    },
    {
      "type": "collection-shelf",
      "shuffle": false,
      "limit": 24,
      "page": 1,
      "sort": "views"
    },
    {
      "type": "collection-shelf",
      "shuffle": false,
      "limit": 24,
      "page": 1,
      "sort": "slug",
      "title": "Lançamentos"
    },
    {
      "type": "banners-grid",
      "banners": [
        {
          "img": "/img/uploads/logo-brasileirao.png",
          "link": "https://imcamisas.com.br/campeonato-brasileiro",
          "mobile_img": "/img/uploads/logo-brasileirao.png"
        },
        {
          "img": "/img/uploads/logo-argentino.png",
          "link": "https://imcamisas.com.br/campeonato-argentino",
          "mobile_img": "/img/uploads/logo-argentino.png"
        },
        {
          "img": "/img/uploads/logo-bundesliga.png",
          "mobile_img": "/img/uploads/logo-bundesliga.png",
          "link": "https://imcamisas.com.br/campeonato-alemao"
        },
        {
          "img": "/img/uploads/logo-la-liga.png",
          "link": "https://imcamisas.com.br/campeonato-espanhol",
          "mobile_img": "/img/uploads/logo-la-liga.png"
        },
        {
          "img": "/img/uploads/logo-premier-league.png",
          "link": "https://imcamisas.com.br/campeonato-ingles",
          "mobile_img": "/img/uploads/logo-premier-league.png"
        },
        {
          "img": "/img/uploads/logo-ligue-1.png",
          "link": "https://imcamisas.com.br/campeonato-frances",
          "mobile_img": "/img/uploads/logo-ligue-1.png"
        },
        {
          "img": "/img/uploads/logo-italiano.png",
          "link": "https://imcamisas.com.br/campeonato-italiano",
          "mobile_img": "/img/uploads/logo-italiano.png"
        },
        {
          "img": "/img/uploads/logo-holandes.png",
          "link": "https://imcamisas.com.br/campeonato-holandes",
          "mobile_img": "/img/uploads/logo-holandes.png"
        },
        {
          "img": "/img/uploads/logo-portugues.png",
          "link": "https://imcamisas.com.br/campeonato-portugues",
          "mobile_img": "/img/uploads/logo-portugues.png"
        },
        {
          "img": "/img/uploads/logo-mexicano.png",
          "link": "https://imcamisas.com.br/campeonato-mexicano",
          "mobile_img": "/img/uploads/logo-mexicano.png"
        },
        {
          "img": "/img/uploads/logo-escoces.png",
          "link": "https://imcamisas.com.br/campeonato-escoces",
          "mobile_img": "/img/uploads/logo-escoces.png"
        },
        {
          "img": "/img/uploads/logo-selecoes.png",
          "link": "https://imcamisas.com.br/selecoes",
          "mobile_img": "/img/uploads/logo-selecoes.png"
        }
      ]
    }
  ]
}